<BackupInst xmlns="http://www.microsoft.com/GroupPolicy/GPOOperations/Manifest"><GPOGuid><![CDATA[{AAE56B5A-4345-4BB6-A249-45F685409B65}]]></GPOGuid><GPODomain><![CDATA[security.local]]></GPODomain><GPODomainGuid><![CDATA[{2b127034-e676-4f54-b03a-e700e3004cb0}]]></GPODomainGuid><GPODomainController><![CDATA[GPOSrv2016.security.local]]></GPODomainController><BackupTime><![CDATA[2019-10-16T20:23:30]]></BackupTime><ID><![CDATA[{CB9CB968-18D0-4782-BE11-7E86BC89A5B2}]]></ID><Comment><![CDATA[]]></Comment><GPODisplayName><![CDATA[DoD Office System 2013 STIG Computer v1r9]]></GPODisplayName></BackupInst>
