<BackupInst xmlns="http://www.microsoft.com/GroupPolicy/GPOOperations/Manifest"><GPOGuid><![CDATA[{713C8B41-4DD8-4781-AC15-2595B269D3B8}]]></GPOGuid><GPODomain><![CDATA[security.local]]></GPODomain><GPODomainGuid><![CDATA[{2b127034-e676-4f54-b03a-e700e3004cb0}]]></GPODomainGuid><GPODomainController><![CDATA[GPOSrv2016.security.local]]></GPODomainController><BackupTime><![CDATA[2019-10-14T23:05:22]]></BackupTime><ID><![CDATA[{D872E66D-4DF6-4E84-9CB9-B5EE7E678A98}]]></ID><Comment><![CDATA[]]></Comment><GPODisplayName><![CDATA[DoD Windows Server 2008 R2 Member Server STIG Computer v1r30]]></GPODisplayName></BackupInst>
