<BackupInst xmlns="http://www.microsoft.com/GroupPolicy/GPOOperations/Manifest"><GPOGuid><![CDATA[{B4AF7E4B-D548-4F5C-A656-D27EB1EBB016}]]></GPOGuid><GPODomain><![CDATA[security.local]]></GPODomain><GPODomainGuid><![CDATA[{2b127034-e676-4f54-b03a-e700e3004cb0}]]></GPODomainGuid><GPODomainController><![CDATA[GPOSrv2016.security.local]]></GPODomainController><BackupTime><![CDATA[2019-10-16T20:23:30]]></BackupTime><ID><![CDATA[{0EC6B561-40F1-4BE1-A05B-B6F3E84DE847}]]></ID><Comment><![CDATA[]]></Comment><GPODisplayName><![CDATA[DoD Lync 2013 STIG Computer v1r4]]></GPODisplayName></BackupInst>
