<BackupInst xmlns="http://www.microsoft.com/GroupPolicy/GPOOperations/Manifest"><GPOGuid><![CDATA[{1023C62E-2011-416B-B9BF-025F0EC8340D}]]></GPOGuid><GPODomain><![CDATA[security.local]]></GPODomain><GPODomainGuid><![CDATA[{2b127034-e676-4f54-b03a-e700e3004cb0}]]></GPODomainGuid><GPODomainController><![CDATA[GPOSrv2016.security.local]]></GPODomainController><BackupTime><![CDATA[2019-10-16T20:23:31]]></BackupTime><ID><![CDATA[{E4F270D6-C554-487A-B8E0-FFDC0AC56A8E}]]></ID><Comment><![CDATA[]]></Comment><GPODisplayName><![CDATA[DoD Project 2013 STIG User v1r4]]></GPODisplayName></BackupInst>
