<Backups xmlns="http://www.microsoft.com/GroupPolicy/GPOOperations/Manifest" xmlns:mfst="http://www.microsoft.com/GroupPolicy/GPOOperations/Manifest" mfst:version="1.0"><BackupInst><GPOGuid><![CDATA[{873EC399-69B5-403F-AC62-1D1024B395B6}]]></GPOGuid><GPODomain><![CDATA[security.local]]></GPODomain><GPODomainGuid><![CDATA[{2b127034-e676-4f54-b03a-e700e3004cb0}]]></GPODomainGuid><GPODomainController><![CDATA[GPOSrv2016.security.local]]></GPODomainController><BackupTime><![CDATA[2019-10-14T23:05:23]]></BackupTime><ID><![CDATA[{8FF771A6-56A1-4209-9B70-C5BDC9ACD6A7}]]></ID><Comment><![CDATA[]]></Comment><GPODisplayName><![CDATA[DoD Windows Server 2008 R2 Member Server STIG User v1r30]]></GPODisplayName></BackupInst><BackupInst><GPOGuid><![CDATA[{713C8B41-4DD8-4781-AC15-2595B269D3B8}]]></GPOGuid><GPODomain><![CDATA[security.local]]></GPODomain><GPODomainGuid><![CDATA[{2b127034-e676-4f54-b03a-e700e3004cb0}]]></GPODomainGuid><GPODomainController><![CDATA[GPOSrv2016.security.local]]></GPODomainController><BackupTime><![CDATA[2019-10-14T23:05:22]]></BackupTime><ID><![CDATA[{D872E66D-4DF6-4E84-9CB9-B5EE7E678A98}]]></ID><Comment><![CDATA[]]></Comment><GPODisplayName><![CDATA[DoD Windows Server 2008 R2 Member Server STIG Computer v1r30]]></GPODisplayName></BackupInst><BackupInst><GPOGuid><![CDATA[{9A7A5FE5-E5FA-405B-B1F1-29722B000EB3}]]></GPOGuid><GPODomain><![CDATA[security.local]]></GPODomain><GPODomainGuid><![CDATA[{2b127034-e676-4f54-b03a-e700e3004cb0}]]></GPODomainGuid><GPODomainController><![CDATA[GPOSrv2016.security.local]]></GPODomainController><BackupTime><![CDATA[2019-10-14T23:05:22]]></BackupTime><ID><![CDATA[{5182B094-9111-4A53-AFEC-89580F61F0D2}]]></ID><Comment><![CDATA[]]></Comment><GPODisplayName><![CDATA[DoD Windows Server 2008 R2 Domain Controller STIG User v1r31]]></GPODisplayName></BackupInst><BackupInst><GPOGuid><![CDATA[{B95CE51E-C854-42C0-83E1-241CEE5F6981}]]></GPOGuid><GPODomain><![CDATA[security.local]]></GPODomain><GPODomainGuid><![CDATA[{2b127034-e676-4f54-b03a-e700e3004cb0}]]></GPODomainGuid><GPODomainController><![CDATA[GPOSrv2016.security.local]]></GPODomainController><BackupTime><![CDATA[2019-10-14T23:05:16]]></BackupTime><ID><![CDATA[{2EA8A949-E50C-431E-A658-1942D99971EF}]]></ID><Comment><![CDATA[]]></Comment><GPODisplayName><![CDATA[DoD Windows Server 2008 R2 Domain Controller STIG Computer v1r31]]></GPODisplayName></BackupInst></Backups>