<Backups xmlns="http://www.microsoft.com/GroupPolicy/GPOOperations/Manifest" xmlns:mfst="http://www.microsoft.com/GroupPolicy/GPOOperations/Manifest" mfst:version="1.0"><BackupInst><GPOGuid><![CDATA[{C58E03D0-85DC-4FB2-95DF-026CE7F6441D}]]></GPOGuid><GPODomain><![CDATA[security.local]]></GPODomain><GPODomainGuid><![CDATA[{2b127034-e676-4f54-b03a-e700e3004cb0}]]></GPODomainGuid><GPODomainController><![CDATA[GPOSrv2016.security.local]]></GPODomainController><BackupTime><![CDATA[2019-10-14T23:02:16]]></BackupTime><ID><![CDATA[{333CD08F-CEDF-4D4C-B69D-9C2D177801D1}]]></ID><Comment><![CDATA[]]></Comment><GPODisplayName><![CDATA[DoD Word 2016 STIG User v1r1]]></GPODisplayName></BackupInst><BackupInst><GPOGuid><![CDATA[{2A8F54DE-05C3-4F4B-A9A4-985C132CBF21}]]></GPOGuid><GPODomain><![CDATA[security.local]]></GPODomain><GPODomainGuid><![CDATA[{2b127034-e676-4f54-b03a-e700e3004cb0}]]></GPODomainGuid><GPODomainController><![CDATA[GPOSrv2016.security.local]]></GPODomainController><BackupTime><![CDATA[2019-10-14T23:02:15]]></BackupTime><ID><![CDATA[{4FAE9CCA-C10F-44F8-AD17-73D101956E00}]]></ID><Comment><![CDATA[]]></Comment><GPODisplayName><![CDATA[DoD Visio 2016 STIG User v1r1]]></GPODisplayName></BackupInst><BackupInst><GPOGuid><![CDATA[{DC71D6EF-EC99-46F9-BDCC-A77AFFF1D1C1}]]></GPOGuid><GPODomain><![CDATA[security.local]]></GPODomain><GPODomainGuid><![CDATA[{2b127034-e676-4f54-b03a-e700e3004cb0}]]></GPODomainGuid><GPODomainController><![CDATA[GPOSrv2016.security.local]]></GPODomainController><BackupTime><![CDATA[2019-10-14T23:02:15]]></BackupTime><ID><![CDATA[{D5AF216B-7E21-4F20-B6AE-2CA3470BB406}]]></ID><Comment><![CDATA[]]></Comment><GPODisplayName><![CDATA[DoD Skype for Business 2016 STIG Computer v1r1]]></GPODisplayName></BackupInst><BackupInst><GPOGuid><![CDATA[{ECFE51DA-01D1-4434-A0CF-975F3546A110}]]></GPOGuid><GPODomain><![CDATA[security.local]]></GPODomain><GPODomainGuid><![CDATA[{2b127034-e676-4f54-b03a-e700e3004cb0}]]></GPODomainGuid><GPODomainController><![CDATA[GPOSrv2016.security.local]]></GPODomainController><BackupTime><![CDATA[2019-10-14T23:02:14]]></BackupTime><ID><![CDATA[{1809F5E6-57AA-44C8-9EFB-C97A50F386D3}]]></ID><Comment><![CDATA[]]></Comment><GPODisplayName><![CDATA[DoD Publisher 2016 STIG User v1r3]]></GPODisplayName></BackupInst><BackupInst><GPOGuid><![CDATA[{7BBD0F1A-396F-4034-875E-41E9D6E7E990}]]></GPOGuid><GPODomain><![CDATA[security.local]]></GPODomain><GPODomainGuid><![CDATA[{2b127034-e676-4f54-b03a-e700e3004cb0}]]></GPODomainGuid><GPODomainController><![CDATA[GPOSrv2016.security.local]]></GPODomainController><BackupTime><![CDATA[2019-10-14T23:02:14]]></BackupTime><ID><![CDATA[{63109946-AEB2-44E8-9FB4-C4C1EC26B0F2}]]></ID><Comment><![CDATA[]]></Comment><GPODisplayName><![CDATA[DoD Project 2016 STIG User v1r1]]></GPODisplayName></BackupInst><BackupInst><GPOGuid><![CDATA[{1FB6FD09-7BD0-420D-8769-DDD861434DD2}]]></GPOGuid><GPODomain><![CDATA[security.local]]></GPODomain><GPODomainGuid><![CDATA[{2b127034-e676-4f54-b03a-e700e3004cb0}]]></GPODomainGuid><GPODomainController><![CDATA[GPOSrv2016.security.local]]></GPODomainController><BackupTime><![CDATA[2019-10-14T23:02:13]]></BackupTime><ID><![CDATA[{08145E15-0339-4452-BDE4-9D9B7FEE6945}]]></ID><Comment><![CDATA[]]></Comment><GPODisplayName><![CDATA[DoD PowerPoint 2016 STIG User v1r1]]></GPODisplayName></BackupInst><BackupInst><GPOGuid><![CDATA[{8DB64163-68F5-4F87-A127-8A78CBE4D43A}]]></GPOGuid><GPODomain><![CDATA[security.local]]></GPODomain><GPODomainGuid><![CDATA[{2b127034-e676-4f54-b03a-e700e3004cb0}]]></GPODomainGuid><GPODomainController><![CDATA[GPOSrv2016.security.local]]></GPODomainController><BackupTime><![CDATA[2019-10-14T23:02:13]]></BackupTime><ID><![CDATA[{F5D644FE-48FD-4E7A-9A37-368E7DD19C61}]]></ID><Comment><![CDATA[]]></Comment><GPODisplayName><![CDATA[DoD Outlook 2016 STIG User v1r2]]></GPODisplayName></BackupInst><BackupInst><GPOGuid><![CDATA[{0285B4AF-265E-49FD-9837-755D3592E053}]]></GPOGuid><GPODomain><![CDATA[security.local]]></GPODomain><GPODomainGuid><![CDATA[{2b127034-e676-4f54-b03a-e700e3004cb0}]]></GPODomainGuid><GPODomainController><![CDATA[GPOSrv2016.security.local]]></GPODomainController><BackupTime><![CDATA[2019-10-14T23:02:12]]></BackupTime><ID><![CDATA[{DFBA2385-494B-4C09-8E53-32DF89A10DEE}]]></ID><Comment><![CDATA[]]></Comment><GPODisplayName><![CDATA[DoD OneDrive for Business 2016 STIG User v1r2]]></GPODisplayName></BackupInst><BackupInst><GPOGuid><![CDATA[{D8946506-29C9-493B-B084-EEE340F758DB}]]></GPOGuid><GPODomain><![CDATA[security.local]]></GPODomain><GPODomainGuid><![CDATA[{2b127034-e676-4f54-b03a-e700e3004cb0}]]></GPODomainGuid><GPODomainController><![CDATA[GPOSrv2016.security.local]]></GPODomainController><BackupTime><![CDATA[2019-10-14T23:02:12]]></BackupTime><ID><![CDATA[{C52762B6-42E8-4A79-AE7A-5999CDB785E1}]]></ID><Comment><![CDATA[]]></Comment><GPODisplayName><![CDATA[DoD OneDrive for Business 2016 STIG Computer v1r2]]></GPODisplayName></BackupInst><BackupInst><GPOGuid><![CDATA[{AACF4247-3BBE-43E4-A397-2EFFAC3CF731}]]></GPOGuid><GPODomain><![CDATA[security.local]]></GPODomain><GPODomainGuid><![CDATA[{2b127034-e676-4f54-b03a-e700e3004cb0}]]></GPODomainGuid><GPODomainController><![CDATA[GPOSrv2016.security.local]]></GPODomainController><BackupTime><![CDATA[2019-10-14T23:02:11]]></BackupTime><ID><![CDATA[{163980FF-6A33-415F-AEB6-A4CCE6211B6B}]]></ID><Comment><![CDATA[]]></Comment><GPODisplayName><![CDATA[DoD Office System 2016 STIG User v1r1]]></GPODisplayName></BackupInst><BackupInst><GPOGuid><![CDATA[{F1B4112F-FB6B-4468-8E1F-790CD3002B7D}]]></GPOGuid><GPODomain><![CDATA[security.local]]></GPODomain><GPODomainGuid><![CDATA[{2b127034-e676-4f54-b03a-e700e3004cb0}]]></GPODomainGuid><GPODomainController><![CDATA[GPOSrv2016.security.local]]></GPODomainController><BackupTime><![CDATA[2019-10-14T23:02:11]]></BackupTime><ID><![CDATA[{3CCCE26B-E058-4BC9-8BA7-C37A7E6E86B6}]]></ID><Comment><![CDATA[]]></Comment><GPODisplayName><![CDATA[DoD Office System 2016 STIG Computer v1r1]]></GPODisplayName></BackupInst><BackupInst><GPOGuid><![CDATA[{F56989B0-4BE4-46B4-BF4D-53A71C7DA385}]]></GPOGuid><GPODomain><![CDATA[security.local]]></GPODomain><GPODomainGuid><![CDATA[{2b127034-e676-4f54-b03a-e700e3004cb0}]]></GPODomainGuid><GPODomainController><![CDATA[GPOSrv2016.security.local]]></GPODomainController><BackupTime><![CDATA[2019-10-14T23:02:10]]></BackupTime><ID><![CDATA[{9EEC1E5D-47B8-4164-AD22-CFE23F4EC555}]]></ID><Comment><![CDATA[]]></Comment><GPODisplayName><![CDATA[DoD Excel 2016 STIG User v1r2]]></GPODisplayName></BackupInst><BackupInst><GPOGuid><![CDATA[{94D8A0EF-5130-43A8-A530-15329370DB78}]]></GPOGuid><GPODomain><![CDATA[security.local]]></GPODomain><GPODomainGuid><![CDATA[{2b127034-e676-4f54-b03a-e700e3004cb0}]]></GPODomainGuid><GPODomainController><![CDATA[GPOSrv2016.security.local]]></GPODomainController><BackupTime><![CDATA[2019-10-14T23:02:10]]></BackupTime><ID><![CDATA[{A79395AA-7BDE-42B1-9467-1B7E76731B0C}]]></ID><Comment><![CDATA[]]></Comment><GPODisplayName><![CDATA[DoD Access 2016 STIG User v1r1]]></GPODisplayName></BackupInst></Backups>