<BackupInst xmlns="http://www.microsoft.com/GroupPolicy/GPOOperations/Manifest"><GPOGuid><![CDATA[{873EC399-69B5-403F-AC62-1D1024B395B6}]]></GPOGuid><GPODomain><![CDATA[security.local]]></GPODomain><GPODomainGuid><![CDATA[{2b127034-e676-4f54-b03a-e700e3004cb0}]]></GPODomainGuid><GPODomainController><![CDATA[GPOSrv2016.security.local]]></GPODomainController><BackupTime><![CDATA[2019-10-14T23:05:23]]></BackupTime><ID><![CDATA[{8FF771A6-56A1-4209-9B70-C5BDC9ACD6A7}]]></ID><Comment><![CDATA[]]></Comment><GPODisplayName><![CDATA[DoD Windows Server 2008 R2 Member Server STIG User v1r30]]></GPODisplayName></BackupInst>
