<BackupInst xmlns="http://www.microsoft.com/GroupPolicy/GPOOperations/Manifest"><GPOGuid><![CDATA[{62EAB2C8-FE69-40CD-B4AD-61E1E7B3B91C}]]></GPOGuid><GPODomain><![CDATA[security.local]]></GPODomain><GPODomainGuid><![CDATA[{1aa99723-c6bc-446c-aa05-83ce7e927986}]]></GPODomainGuid><GPODomainController><![CDATA[DC-SEC-01.security.local]]></GPODomainController><BackupTime><![CDATA[2018-04-17T14:12:44]]></BackupTime><ID><![CDATA[{7238AD29-B0D6-4065-B6E6-17BE6281F3EF}]]></ID><Comment><![CDATA[]]></Comment><GPODisplayName><![CDATA[DoD Windows 7 STIG User v1r30]]></GPODisplayName></BackupInst>
