<Backups xmlns="http://www.microsoft.com/GroupPolicy/GPOOperations/Manifest" xmlns:mfst="http://www.microsoft.com/GroupPolicy/GPOOperations/Manifest" mfst:version="1.0"><BackupInst><GPOGuid><![CDATA[{62EAB2C8-FE69-40CD-B4AD-61E1E7B3B91C}]]></GPOGuid><GPODomain><![CDATA[security.local]]></GPODomain><GPODomainGuid><![CDATA[{1aa99723-c6bc-446c-aa05-83ce7e927986}]]></GPODomainGuid><GPODomainController><![CDATA[DC-SEC-01.security.local]]></GPODomainController><BackupTime><![CDATA[2018-01-22T16:15:15]]></BackupTime><ID><![CDATA[{6A6EFF41-EBF4-4E74-8804-7D0883938D69}]]></ID><Comment><![CDATA[]]></Comment><GPODisplayName><![CDATA[DoD Windows 7 STIG User v1r29]]></GPODisplayName></BackupInst><BackupInst><GPOGuid><![CDATA[{99F15AF1-A911-485E-B072-CD2624CAEF3A}]]></GPOGuid><GPODomain><![CDATA[security.local]]></GPODomain><GPODomainGuid><![CDATA[{1aa99723-c6bc-446c-aa05-83ce7e927986}]]></GPODomainGuid><GPODomainController><![CDATA[DC-SEC-01.security.local]]></GPODomainController><BackupTime><![CDATA[2018-01-22T16:15:11]]></BackupTime><ID><![CDATA[{1D813105-9947-4EBC-8339-4F7F68DDFE53}]]></ID><Comment><![CDATA[]]></Comment><GPODisplayName><![CDATA[DoD Windows 7 STIG Computer v1r29]]></GPODisplayName></BackupInst></Backups>