<Backups xmlns="http://www.microsoft.com/GroupPolicy/GPOOperations/Manifest" xmlns:mfst="http://www.microsoft.com/GroupPolicy/GPOOperations/Manifest" mfst:version="1.0"><BackupInst><GPOGuid><![CDATA[{DACEC147-7751-4296-AB0F-9191B80CB380}]]></GPOGuid><GPODomain><![CDATA[security.local]]></GPODomain><GPODomainGuid><![CDATA[{2b127034-e676-4f54-b03a-e700e3004cb0}]]></GPODomainGuid><GPODomainController><![CDATA[GPOSrv2016.security.local]]></GPODomainController><BackupTime><![CDATA[2019-10-14T23:13:41]]></BackupTime><ID><![CDATA[{EB16BD09-D8BC-4561-AB3F-105EB0E69D8F}]]></ID><Comment><![CDATA[]]></Comment><GPODisplayName><![CDATA[DoD Windows Server 2016 Member Server STIG Computer v1r9]]></GPODisplayName></BackupInst><BackupInst><GPOGuid><![CDATA[{5D40350B-C8D2-4F4A-BB36-4E1D1C885A19}]]></GPOGuid><GPODomain><![CDATA[security.local]]></GPODomain><GPODomainGuid><![CDATA[{2b127034-e676-4f54-b03a-e700e3004cb0}]]></GPODomainGuid><GPODomainController><![CDATA[GPOSrv2016.security.local]]></GPODomainController><BackupTime><![CDATA[2019-10-14T23:13:31]]></BackupTime><ID><![CDATA[{89ABC832-EBD7-423F-A345-0457D99EA329}]]></ID><Comment><![CDATA[]]></Comment><GPODisplayName><![CDATA[DoD Windows Server 2016 Domain Controller STIG Computer v1r9]]></GPODisplayName></BackupInst></Backups>