<BackupInst xmlns="http://www.microsoft.com/GroupPolicy/GPOOperations/Manifest"><GPOGuid><![CDATA[{B95CE51E-C854-42C0-83E1-241CEE5F6981}]]></GPOGuid><GPODomain><![CDATA[security.local]]></GPODomain><GPODomainGuid><![CDATA[{2b127034-e676-4f54-b03a-e700e3004cb0}]]></GPODomainGuid><GPODomainController><![CDATA[GPOSrv2016.security.local]]></GPODomainController><BackupTime><![CDATA[2019-10-14T23:05:16]]></BackupTime><ID><![CDATA[{2EA8A949-E50C-431E-A658-1942D99971EF}]]></ID><Comment><![CDATA[]]></Comment><GPODisplayName><![CDATA[DoD Windows Server 2008 R2 Domain Controller STIG Computer v1r31]]></GPODisplayName></BackupInst>
