<BackupInst xmlns="http://www.microsoft.com/GroupPolicy/GPOOperations/Manifest"><GPOGuid><![CDATA[{99F15AF1-A911-485E-B072-CD2624CAEF3A}]]></GPOGuid><GPODomain><![CDATA[security.local]]></GPODomain><GPODomainGuid><![CDATA[{1aa99723-c6bc-446c-aa05-83ce7e927986}]]></GPODomainGuid><GPODomainController><![CDATA[DC-SEC-01.security.local]]></GPODomainController><BackupTime><![CDATA[2018-04-17T14:12:39]]></BackupTime><ID><![CDATA[{D68DB48F-11DE-48F8-80F3-5B2A0A33BD4F}]]></ID><Comment><![CDATA[]]></Comment><GPODisplayName><![CDATA[DoD Windows 7 STIG Computer v1r30]]></GPODisplayName></BackupInst>
