<Backups xmlns="http://www.microsoft.com/GroupPolicy/GPOOperations/Manifest" xmlns:mfst="http://www.microsoft.com/GroupPolicy/GPOOperations/Manifest" mfst:version="1.0"><BackupInst><GPOGuid><![CDATA[{A7689090-B16C-4B2E-ADB4-86504159C8DA}]]></GPOGuid><GPODomain><![CDATA[security.local]]></GPODomain><GPODomainGuid><![CDATA[{2b127034-e676-4f54-b03a-e700e3004cb0}]]></GPODomainGuid><GPODomainController><![CDATA[GPOSrv2016.security.local]]></GPODomainController><BackupTime><![CDATA[2019-10-14T23:00:16]]></BackupTime><ID><![CDATA[{E2BBA769-DA8E-4FD4-BFB3-F814034C83AA}]]></ID><Comment><![CDATA[]]></Comment><GPODisplayName><![CDATA[DoD Windows Server 2019 Member Server STIG Computer v1r2]]></GPODisplayName></BackupInst><BackupInst><GPOGuid><![CDATA[{EACE7821-F868-4CF5-BDFA-4D0EFAED0A00}]]></GPOGuid><GPODomain><![CDATA[security.local]]></GPODomain><GPODomainGuid><![CDATA[{2b127034-e676-4f54-b03a-e700e3004cb0}]]></GPODomainGuid><GPODomainController><![CDATA[GPOSrv2016.security.local]]></GPODomainController><BackupTime><![CDATA[2019-10-14T23:00:08]]></BackupTime><ID><![CDATA[{83F6321E-395B-4532-B839-2C37AA8A1B09}]]></ID><Comment><![CDATA[]]></Comment><GPODisplayName><![CDATA[DoD Windows Server 2019 Domain Controller STIG Computer v1r2]]></GPODisplayName></BackupInst></Backups>