<Backups xmlns="http://www.microsoft.com/GroupPolicy/GPOOperations/Manifest" xmlns:mfst="http://www.microsoft.com/GroupPolicy/GPOOperations/Manifest" mfst:version="1.0"><BackupInst><GPOGuid><![CDATA[{5D98193F-45C7-4BFF-896B-D038B43B9115}]]></GPOGuid><GPODomain><![CDATA[security.local]]></GPODomain><GPODomainGuid><![CDATA[{2b127034-e676-4f54-b03a-e700e3004cb0}]]></GPODomainGuid><GPODomainController><![CDATA[GPOSrv2016.security.local]]></GPODomainController><BackupTime><![CDATA[2019-10-16T20:23:32]]></BackupTime><ID><![CDATA[{D4CD255E-A6D9-42D8-98CD-02A051B4D3AC}]]></ID><Comment><![CDATA[]]></Comment><GPODisplayName><![CDATA[DoD Word 2013 STIG User v1r6]]></GPODisplayName></BackupInst><BackupInst><GPOGuid><![CDATA[{CB25F9C1-7538-4C1D-8B0A-570AD275DD4A}]]></GPOGuid><GPODomain><![CDATA[security.local]]></GPODomain><GPODomainGuid><![CDATA[{2b127034-e676-4f54-b03a-e700e3004cb0}]]></GPODomainGuid><GPODomainController><![CDATA[GPOSrv2016.security.local]]></GPODomainController><BackupTime><![CDATA[2019-10-16T20:23:32]]></BackupTime><ID><![CDATA[{5A7A2AAF-7EFA-448C-B403-509C88CDF6B3}]]></ID><Comment><![CDATA[]]></Comment><GPODisplayName><![CDATA[DoD Visio 2013 STIG User v1r4]]></GPODisplayName></BackupInst><BackupInst><GPOGuid><![CDATA[{463AF87C-AE54-46A8-925D-A0384D8B72CE}]]></GPOGuid><GPODomain><![CDATA[security.local]]></GPODomain><GPODomainGuid><![CDATA[{2b127034-e676-4f54-b03a-e700e3004cb0}]]></GPODomainGuid><GPODomainController><![CDATA[GPOSrv2016.security.local]]></GPODomainController><BackupTime><![CDATA[2019-10-16T20:23:32]]></BackupTime><ID><![CDATA[{A7EB13DD-7F01-4E1E-B16C-EA9B1A0B9A79}]]></ID><Comment><![CDATA[]]></Comment><GPODisplayName><![CDATA[DoD Publisher 2013 STIG User v1r5]]></GPODisplayName></BackupInst><BackupInst><GPOGuid><![CDATA[{1023C62E-2011-416B-B9BF-025F0EC8340D}]]></GPOGuid><GPODomain><![CDATA[security.local]]></GPODomain><GPODomainGuid><![CDATA[{2b127034-e676-4f54-b03a-e700e3004cb0}]]></GPODomainGuid><GPODomainController><![CDATA[GPOSrv2016.security.local]]></GPODomainController><BackupTime><![CDATA[2019-10-16T20:23:31]]></BackupTime><ID><![CDATA[{E4F270D6-C554-487A-B8E0-FFDC0AC56A8E}]]></ID><Comment><![CDATA[]]></Comment><GPODisplayName><![CDATA[DoD Project 2013 STIG User v1r4]]></GPODisplayName></BackupInst><BackupInst><GPOGuid><![CDATA[{2E6C1A48-4E61-466E-9851-C187E5608514}]]></GPOGuid><GPODomain><![CDATA[security.local]]></GPODomain><GPODomainGuid><![CDATA[{2b127034-e676-4f54-b03a-e700e3004cb0}]]></GPODomainGuid><GPODomainController><![CDATA[GPOSrv2016.security.local]]></GPODomainController><BackupTime><![CDATA[2019-10-16T20:23:31]]></BackupTime><ID><![CDATA[{C8EFD2AD-F157-4046-8FBE-0E14FEB77EE5}]]></ID><Comment><![CDATA[]]></Comment><GPODisplayName><![CDATA[DoD PowerPoint 2013 STIG User v1r6]]></GPODisplayName></BackupInst><BackupInst><GPOGuid><![CDATA[{59100A48-4801-4B0E-9A61-75919C49F3A3}]]></GPOGuid><GPODomain><![CDATA[security.local]]></GPODomain><GPODomainGuid><![CDATA[{2b127034-e676-4f54-b03a-e700e3004cb0}]]></GPODomainGuid><GPODomainController><![CDATA[GPOSrv2016.security.local]]></GPODomainController><BackupTime><![CDATA[2019-10-16T20:23:31]]></BackupTime><ID><![CDATA[{4091CEAD-0A1A-42F7-81E1-0AB916DF80C2}]]></ID><Comment><![CDATA[]]></Comment><GPODisplayName><![CDATA[DoD Outlook 2013 STIG User v1r13]]></GPODisplayName></BackupInst><BackupInst><GPOGuid><![CDATA[{4EB75524-9AC8-4305-A352-7F6AE839B80A}]]></GPOGuid><GPODomain><![CDATA[security.local]]></GPODomain><GPODomainGuid><![CDATA[{2b127034-e676-4f54-b03a-e700e3004cb0}]]></GPODomainGuid><GPODomainController><![CDATA[GPOSrv2016.security.local]]></GPODomainController><BackupTime><![CDATA[2019-10-16T20:23:30]]></BackupTime><ID><![CDATA[{577C8B82-E1C2-47AB-B56C-41226AA5287A}]]></ID><Comment><![CDATA[]]></Comment><GPODisplayName><![CDATA[DoD Office System 2013 STIG User v1r9]]></GPODisplayName></BackupInst><BackupInst><GPOGuid><![CDATA[{AAE56B5A-4345-4BB6-A249-45F685409B65}]]></GPOGuid><GPODomain><![CDATA[security.local]]></GPODomain><GPODomainGuid><![CDATA[{2b127034-e676-4f54-b03a-e700e3004cb0}]]></GPODomainGuid><GPODomainController><![CDATA[GPOSrv2016.security.local]]></GPODomainController><BackupTime><![CDATA[2019-10-16T20:23:30]]></BackupTime><ID><![CDATA[{CB9CB968-18D0-4782-BE11-7E86BC89A5B2}]]></ID><Comment><![CDATA[]]></Comment><GPODisplayName><![CDATA[DoD Office System 2013 STIG Computer v1r9]]></GPODisplayName></BackupInst><BackupInst><GPOGuid><![CDATA[{B4AF7E4B-D548-4F5C-A656-D27EB1EBB016}]]></GPOGuid><GPODomain><![CDATA[security.local]]></GPODomain><GPODomainGuid><![CDATA[{2b127034-e676-4f54-b03a-e700e3004cb0}]]></GPODomainGuid><GPODomainController><![CDATA[GPOSrv2016.security.local]]></GPODomainController><BackupTime><![CDATA[2019-10-16T20:23:30]]></BackupTime><ID><![CDATA[{0EC6B561-40F1-4BE1-A05B-B6F3E84DE847}]]></ID><Comment><![CDATA[]]></Comment><GPODisplayName><![CDATA[DoD Lync 2013 STIG Computer v1r4]]></GPODisplayName></BackupInst><BackupInst><GPOGuid><![CDATA[{4AC84283-FEA0-4E9E-9E3C-6B6798239184}]]></GPOGuid><GPODomain><![CDATA[security.local]]></GPODomain><GPODomainGuid><![CDATA[{2b127034-e676-4f54-b03a-e700e3004cb0}]]></GPODomainGuid><GPODomainController><![CDATA[GPOSrv2016.security.local]]></GPODomainController><BackupTime><![CDATA[2019-10-16T20:23:29]]></BackupTime><ID><![CDATA[{C5568481-75E2-449B-A00E-0F014DFC6E41}]]></ID><Comment><![CDATA[]]></Comment><GPODisplayName><![CDATA[DoD Infopath 2013 STIG User v1r5]]></GPODisplayName></BackupInst><BackupInst><GPOGuid><![CDATA[{FE905DB3-0A7D-4559-9A39-2DFE6BA02968}]]></GPOGuid><GPODomain><![CDATA[security.local]]></GPODomain><GPODomainGuid><![CDATA[{2b127034-e676-4f54-b03a-e700e3004cb0}]]></GPODomainGuid><GPODomainController><![CDATA[GPOSrv2016.security.local]]></GPODomainController><BackupTime><![CDATA[2019-10-16T20:23:29]]></BackupTime><ID><![CDATA[{0BA05365-AEC0-4269-BF8E-4D4D47B8B50C}]]></ID><Comment><![CDATA[]]></Comment><GPODisplayName><![CDATA[DoD Infopath 2013 STIG Computer v1r5]]></GPODisplayName></BackupInst><BackupInst><GPOGuid><![CDATA[{68419A10-A8C1-4EF5-9876-7DAA2175B65E}]]></GPOGuid><GPODomain><![CDATA[security.local]]></GPODomain><GPODomainGuid><![CDATA[{2b127034-e676-4f54-b03a-e700e3004cb0}]]></GPODomainGuid><GPODomainController><![CDATA[GPOSrv2016.security.local]]></GPODomainController><BackupTime><![CDATA[2019-10-16T20:23:29]]></BackupTime><ID><![CDATA[{E7DA9D2F-9845-4D96-8D6C-9EB061A2573C}]]></ID><Comment><![CDATA[]]></Comment><GPODisplayName><![CDATA[DoD Excel 2013 STIG User v1r7]]></GPODisplayName></BackupInst><BackupInst><GPOGuid><![CDATA[{8B13F635-25F2-44AA-962F-DAC45185BD45}]]></GPOGuid><GPODomain><![CDATA[security.local]]></GPODomain><GPODomainGuid><![CDATA[{2b127034-e676-4f54-b03a-e700e3004cb0}]]></GPODomainGuid><GPODomainController><![CDATA[GPOSrv2016.security.local]]></GPODomainController><BackupTime><![CDATA[2019-10-16T20:23:28]]></BackupTime><ID><![CDATA[{515D96DC-FB46-4574-935A-D0429AB61D53}]]></ID><Comment><![CDATA[]]></Comment><GPODisplayName><![CDATA[DoD Access 2013 STIG User v1r6]]></GPODisplayName></BackupInst></Backups>