<BackupInst xmlns="http://www.microsoft.com/GroupPolicy/GPOOperations/Manifest"><GPOGuid><![CDATA[{9A7A5FE5-E5FA-405B-B1F1-29722B000EB3}]]></GPOGuid><GPODomain><![CDATA[security.local]]></GPODomain><GPODomainGuid><![CDATA[{2b127034-e676-4f54-b03a-e700e3004cb0}]]></GPODomainGuid><GPODomainController><![CDATA[GPOSrv2016.security.local]]></GPODomainController><BackupTime><![CDATA[2019-10-14T23:05:22]]></BackupTime><ID><![CDATA[{5182B094-9111-4A53-AFEC-89580F61F0D2}]]></ID><Comment><![CDATA[]]></Comment><GPODisplayName><![CDATA[DoD Windows Server 2008 R2 Domain Controller STIG User v1r31]]></GPODisplayName></BackupInst>
