<Backups xmlns="http://www.microsoft.com/GroupPolicy/GPOOperations/Manifest" xmlns:mfst="http://www.microsoft.com/GroupPolicy/GPOOperations/Manifest" mfst:version="1.0"><BackupInst><GPOGuid><![CDATA[{782B2ACC-40A8-49CB-B08D-24E2FA799739}]]></GPOGuid><GPODomain><![CDATA[security.local]]></GPODomain><GPODomainGuid><![CDATA[{2b127034-e676-4f54-b03a-e700e3004cb0}]]></GPODomainGuid><GPODomainController><![CDATA[GPOSrv2016.security.local]]></GPODomainController><BackupTime><![CDATA[2019-10-16T20:23:23]]></BackupTime><ID><![CDATA[{FEC21601-2F31-4191-82B2-22B4BF57381D}]]></ID><Comment><![CDATA[]]></Comment><GPODisplayName><![CDATA[DoD Windows Server 2012 R2 Member Server STIG User v2r17]]></GPODisplayName></BackupInst><BackupInst><GPOGuid><![CDATA[{658EC5EB-1B72-408D-85C3-6FFA31C1F772}]]></GPOGuid><GPODomain><![CDATA[security.local]]></GPODomain><GPODomainGuid><![CDATA[{2b127034-e676-4f54-b03a-e700e3004cb0}]]></GPODomainGuid><GPODomainController><![CDATA[GPOSrv2016.security.local]]></GPODomainController><BackupTime><![CDATA[2019-10-16T20:23:22]]></BackupTime><ID><![CDATA[{B008CB2F-2B9E-4380-9CF7-33EBC1DDFF7F}]]></ID><Comment><![CDATA[]]></Comment><GPODisplayName><![CDATA[DoD Windows Server 2012 R2 Member Server STIG Computer v2r17]]></GPODisplayName></BackupInst><BackupInst><GPOGuid><![CDATA[{60459BA7-62FD-4D35-B183-FA1928DAB8CA}]]></GPOGuid><GPODomain><![CDATA[security.local]]></GPODomain><GPODomainGuid><![CDATA[{2b127034-e676-4f54-b03a-e700e3004cb0}]]></GPODomainGuid><GPODomainController><![CDATA[GPOSrv2016.security.local]]></GPODomainController><BackupTime><![CDATA[2019-10-16T20:23:22]]></BackupTime><ID><![CDATA[{C152F951-C5BB-4DF3-8493-09E806C3532E}]]></ID><Comment><![CDATA[]]></Comment><GPODisplayName><![CDATA[DoD Windows Server 2012 R2 Domain Controller STIG User v2r18]]></GPODisplayName></BackupInst><BackupInst><GPOGuid><![CDATA[{D5D8BF63-C03E-4D26-B6EA-2ADB3BB49D27}]]></GPOGuid><GPODomain><![CDATA[security.local]]></GPODomain><GPODomainGuid><![CDATA[{2b127034-e676-4f54-b03a-e700e3004cb0}]]></GPODomainGuid><GPODomainController><![CDATA[GPOSrv2016.security.local]]></GPODomainController><BackupTime><![CDATA[2019-10-16T20:23:10]]></BackupTime><ID><![CDATA[{06645D0F-4D18-4DF9-9DB5-731507BCFB55}]]></ID><Comment><![CDATA[]]></Comment><GPODisplayName><![CDATA[DoD Windows Server 2012 R2 Domain Controller STIG Computer v2r18]]></GPODisplayName></BackupInst></Backups>