<BackupInst xmlns="http://www.microsoft.com/GroupPolicy/GPOOperations/Manifest"><GPOGuid><![CDATA[{CB25F9C1-7538-4C1D-8B0A-570AD275DD4A}]]></GPOGuid><GPODomain><![CDATA[security.local]]></GPODomain><GPODomainGuid><![CDATA[{2b127034-e676-4f54-b03a-e700e3004cb0}]]></GPODomainGuid><GPODomainController><![CDATA[GPOSrv2016.security.local]]></GPODomainController><BackupTime><![CDATA[2019-10-16T20:23:32]]></BackupTime><ID><![CDATA[{5A7A2AAF-7EFA-448C-B403-509C88CDF6B3}]]></ID><Comment><![CDATA[]]></Comment><GPODisplayName><![CDATA[DoD Visio 2013 STIG User v1r4]]></GPODisplayName></BackupInst>
