<Backups xmlns="http://www.microsoft.com/GroupPolicy/GPOOperations/Manifest" xmlns:mfst="http://www.microsoft.com/GroupPolicy/GPOOperations/Manifest" mfst:version="1.0"><BackupInst><GPOGuid><![CDATA[{32626C80-490B-429C-BAC2-BC29881E3582}]]></GPOGuid><GPODomain><![CDATA[security.local]]></GPODomain><GPODomainGuid><![CDATA[{2b127034-e676-4f54-b03a-e700e3004cb0}]]></GPODomainGuid><GPODomainController><![CDATA[GPOSrv2016.security.local]]></GPODomainController><BackupTime><![CDATA[2019-10-16T20:16:09]]></BackupTime><ID><![CDATA[{4002F02E-FAFA-4615-BEF5-87C9550C0667}]]></ID><Comment><![CDATA[]]></Comment><GPODisplayName><![CDATA[DoD Internet Explorer 11 STIG User v1r18]]></GPODisplayName></BackupInst><BackupInst><GPOGuid><![CDATA[{DF4311D9-0473-4154-8441-CFC981398F54}]]></GPOGuid><GPODomain><![CDATA[security.local]]></GPODomain><GPODomainGuid><![CDATA[{2b127034-e676-4f54-b03a-e700e3004cb0}]]></GPODomainGuid><GPODomainController><![CDATA[GPOSrv2016.security.local]]></GPODomainController><BackupTime><![CDATA[2019-10-16T20:16:09]]></BackupTime><ID><![CDATA[{8F8C601E-3745-43B0-ADB4-9B202018829F}]]></ID><Comment><![CDATA[]]></Comment><GPODisplayName><![CDATA[DoD Internet Explorer 11 STIG Computer v1r18]]></GPODisplayName></BackupInst></Backups>